Date,Index2000,GIDA2000,ALKOL2000,Index2010,GIDA2010,ALKOL2010,Index2016,GIDA2016,ALKOL2016,FoodGrupIndex,NonFoodIndex,ChainedFoodIndex,ChainedNonFoodIndex,AllIndex,IndexDiff,LDiffIndex,FAO_Foodindex,FAO_Meat,FAO_Dairy,FAO_Cereals,FAO_Oils,FAO_Sugar,Gida_Jan01,FAO_Jan01,KKTC_FAO_GIDA_Diff,USDTL,USDTL_Jan01,FOOD_CPI_USD,FAO_FOOD_jan01,KKTC_GIDA(USD)vsFAO_GIDA
2000-12-31,100,100,100,,22.02,3.96,,18.54,3.07,100,100,100,100,100,0,-13.5463498,54.44996727,59.30333134,60.09094017,53.67087963,38.13921323,62.0095692,,,,0.680981389,,,,
2001-01-31,267.7196439,239.3148891,244.1661153,,,,,,,239.7226,283.7500319,239.7226,283.7500319,267.7196439,0.164453498,1.643723354,53.80942057,57.34715241,59.74202166,53.91884059,37.27426626,63.88583406,100,,,0.673857636,100,100,100,0
2001-02-28,276.455582,238.9246725,247.5018198,,,,,,,239.6455204,297.5320775,239.6455204,297.5320775,276.455582,0.209388274,1.76257772,54.24899231,60.90288263,59.46601778,52.99071574,35.8276831,61.09984798,99.83694427,100.8169048,-0.979960531,0.7416689,110.0631439,90.70878836,100.8169048,-10.10811643
2001-03-31,295.7283509,251.8758048,308.4832471,,,,,,,256.6332554,318.1131981,256.6332554,318.1131981,295.7283509,0.2078933,1.788733454,55.07735261,63.61535396,59.67423371,52.1664414,38.20313786,57.39063831,105.248698,102.3563384,2.892359566,0.970628389,144.0405713,73.06878683,102.3563384,-29.28755156
2001-04-30,340.9145898,288.3662341,400.7363252,,,,,,,297.8101363,365.5950923,297.8101363,365.5950923,340.9145898,0.198832664,1.831133319,54.61970619,64.11222927,59.50172419,50.99283926,38.03313854,54.11913001,120.4965705,101.5058434,18.99072708,1.21277565,179.9750548,66.95181766,101.5058434,-34.55402576
2001-05-31,351.0306377,295.6379853,404.6800057,,,,,,,304.8021869,377.4998607,304.8021869,377.4998607,351.0306377,0.207097803,1.861520515,55.40924219,64.45896407,61.95820485,51.70635307,36.56613286,59.31191102,123.5351408,102.9731255,20.56201528,1.135234522,168.4680058,73.32854701,102.9731255,-29.64457852
2001-06-30,363.3174817,310.9691088,384.8230818,,,,,,,317.1760068,389.7369046,317.1760068,389.7369046,363.3174817,0.199717606,1.860702647,54.77038995,62.51063507,62.38971792,51.03778816,38.84721176,55.95949575,129.9413964,101.7858757,28.15552071,1.218529524,180.8289256,71.85874495,101.7858757,-29.92713077
2001-07-31,373.8685314,293.7696954,422.1383709,,,,,,,304.5581642,413.5538667,304.5581642,413.5538667,373.8685314,0.29153484,2.037409375,56.49964227,62.90462018,62.94402846,51.71979742,47.4364945,54.42293301,122.7544581,104.9995366,17.7549215,1.323682636,196.4335736,62.4915873,104.9995366,-42.50794935
2001-08-31,393.3954769,312.9527155,484.9116227,,,,,,,327.4046313,431.1801394,327.4046313,431.1801394,393.3954769,0.26379436,2.016094868,56.57957023,63.0480357,62.53002265,51.57290073,50.0210468,50.21090735,130.7702653,105.1480756,25.6221897,1.404316818,208.3996296,62.749759,105.1480756,-42.39831662
2001-09-30,416.7313579,334.5872837,488.8964347,,,,,,,347.5558638,456.3394683,347.5558638,456.3394683,416.7313579,0.261040122,2.036563445,55.37937452,62.94328878,62.05079678,51.15891965,45.39620169,47.28074937,139.8104752,102.9176191,36.89285606,1.4733942,218.6506645,63.94239665,102.9176191,-38.97522249
2001-10-31,441.1817211,355.1428529,515.7029503,,,,,,,368.6367803,482.71909,368.6367803,482.71909,441.1817211,0.258583491,2.057218305,54.16768499,61.27007918,62.84853364,51.00715959,43.29500851,42.02583795,148.3998151,100.6658024,47.73401264,1.604006955,238.0335056,62.34408668,100.6658024,-38.32171574
2001-11-30,448.6069235,366.0093426,519.1039784,,,,,,,378.8758514,488.5331436,378.8758514,488.5331436,448.6069235,0.244439589,2.040037518,54.7364872,59.52843827,60.60162784,51.8676399,48.26945905,47.48806679,152.940481,101.7228705,51.21761052,1.524867364,226.2892459,67.58627898,101.7228705,-34.13659152
2001-12-31,461.4373101,390.5057676,524.5907876,,,,,,,401.7746542,495.5986138,401.7746542,495.5986138,461.4373101,0.203329808,1.972313757,54.27387935,58.20038646,56.9094074,52.00547656,50.60781028,48.45657953,163.176545,100.8631551,62.31338981,1.455691737,216.0236314,75.53643269,100.8631551,-25.32672246
2002-01-31,469.878746,403.049096,489.9780694,,,,,,,410.3548543,503.9605968,410.3548543,503.9605968,469.878746,0.199212549,1.971302493,53.45475161,58.42657403,52.99527414,51.6554341,49.26091578,48.18251385,168.4178939,99.34087943,69.07701445,1.372475864,203.6744543,82.68974843,99.34087943,-16.651131
2002-02-28,479.2709818,413.4976352,489.5226964,,,,,,,419.8869977,513.2727252,419.8869977,513.2727252,479.2709818,0.194849534,1.970280506,51.66905678,56.61842969,52.8353081,50.36964038,47.78557487,40.50769263,172.7839153,96.02232515,76.76159011,1.353222778,200.8173099,86.04034949,96.02232515,-9.981975663
2002-03-31,490.1711365,425.4568732,489.2182318,,,,,,,430.8155592,524.1566149,430.8155592,524.1566149,490.1711365,0.190425443,1.970072709,52.02013388,59.10633598,50.71392086,49.61017821,47.62177337,41.44801295,177.7811965,96.67477056,81.10642589,1.36025781,201.8613037,88.07096419,96.67477056,-8.603806372
2002-04-30,495.0772864,422.2661245,488.5882441,,,,,,,427.8400242,533.575615,427.8400242,533.575615,495.0772864,0.213573908,2.024221196,51.0399798,56.27076106,48.89490976,49.30965581,48.9686499,42.61118464,176.4479118,94.85324179,81.59467001,1.320908762,196.0219326,90.01437209,94.85324179,-4.838869705
2002-05-31,495.1541049,402.2296087,488.777082,,,,,,,409.5033046,544.1955523,409.5033046,544.1955523,495.1541049,0.272020864,2.1293426,50.46784065,55.22463839,44.77823662,50.22782336,51.64109983,37.57544189,168.0754633,93.7899723,74.28549102,1.392898043,206.7050914,81.3117191,93.7899723,-12.4782532
2002-06-30,499.3221012,390.8935097,489.7182093,,,,,,,399.1990187,556.6500054,399.1990187,556.6500054,499.3221012,0.315329497,2.197145387,51.32610807,55.38798442,42.85506728,52.03044297,55.80374755,35.58433362,163.3385667,95.38498561,67.95358105,1.52760605,226.695665,72.05191447,95.38498561,-23.33307114
2002-07-31,513.9857467,391.5291041,555.7464687,,,,,,,405.3303987,576.1990071,405.3303987,576.1990071,513.9857467,0.332438418,2.232662282,51.99504081,55.07292555,40.64167763,54.62011509,56.14791361,39.52618986,163.6041558,96.62813735,66.97601846,1.657075348,245.9088179,66.53041449,96.62813735,-30.09772286
2002-08-31,531.5565025,432.3872364,559.9175025,,,,,,,443.1052429,582.2014209,443.1052429,582.2014209,531.5565025,0.261677126,2.143315197,53.41666272,54.96457784,40.08100889,58.05905521,59.64718946,38.9542966,180.6771146,99.27009463,81.40701995,1.64338519,243.8772082,74.08528084,99.27009463,-25.18481378
2002-09-30,539.5414099,433.9494193,564.0404261,,,,,,,444.8826377,593.7405905,444.8826377,593.7405905,539.5414099,0.275897179,2.172772042,54.91696689,54.42654648,41.63677343,63.82139355,56.67703316,43.07251513,181.3298875,102.0582759,79.27161167,1.650932286,244.9971918,74.01304734,102.0582759,-28.04522853
2002-10-31,557.1166031,434.9994324,568.3454151,,,,,,,446.2062082,620.6210453,446.2062082,620.6210453,557.1166031,0.313067024,2.241583427,55.23527218,52.61040349,42.9278011,64.35449444,58.76026061,46.476234,181.7686455,102.6498178,79.11882766,1.654840409,245.5771545,74.01691977,102.6498178,-28.63289803
2002-11-30,562.725191,445.6865209,572.0693761,,,,,,,456.3080957,623.6568852,456.3080957,623.6568852,562.725191,0.297389902,2.223622575,56.28664896,52.84088406,45.53520037,63.00672733,63.9056765,48.45657953,186.234347,104.6037076,81.63063934,1.611629476,239.1646825,77.86866566,104.6037076,-26.73504195
2002-12-31,574.4594696,468.7355502,574.799553,,,,,,,477.6494708,629.8903873,477.6494708,629.8903873,574.4594696,0.26501594,2.18253139,55.63909235,51.0994432,49.29102026,59.8401644,65.51216867,49.1992091,195.8656028,103.4002815,92.46532131,1.5912524,236.1407387,82.94443556,103.4002815,-20.45584594
2003-01-31,593.7975879,474.2007144,643.284676,,,,,,,488.4110116,654.1392335,488.4110116,654.1392335,593.7975879,0.279098847,2.219396471,55.95024997,53.08001272,51.25635366,58.00011834,64.3232152,50.68446824,198.1492736,103.9785402,94.17073343,1.663822,246.9100163,80.25161414,103.9785402,-23.72692601
2003-02-28,608.4484859,494.8173449,672.2480568,,,,,,,509.7291267,664.9726543,509.7291267,664.9726543,608.4484859,0.255146543,2.191013502,56.53421102,54.11526065,53.09496815,57.84258646,62.35311699,55.69721785,206.7641285,105.0637796,101.7003489,1.631060063,242.0481678,85.42271993,105.0637796,-19.64105964
2003-03-31,619.7456741,516.4866267,673.6528111,,,,,,,529.6953201,671.3061929,529.6953201,671.3061929,619.7456741,0.228498364,2.1510966,55.52303365,54.5484758,53.70871816,56.51207985,59.2341351,50.93201143,215.8188438,103.1845968,112.634247,1.663371048,246.8430953,87.4315903,103.1845968,-15.75300649
2003-04-30,630.800107,526.1694547,677.0883252,,,,,,,538.853106,683.4465972,538.853106,683.4465972,630.800107,0.229222363,2.160148744,55.56384319,55.65297327,52.65788059,56.42583185,59.56691651,47.96149314,219.8649054,103.2604377,116.6044678,1.635044714,242.6394873,90.61381882,103.2604377,-12.64661885
2003-05-31,648.7623165,566.8636463,681.4962966,,,,,,,576.4977004,690.1391788,576.4977004,690.1391788,648.7623165,0.175166583,2.055536875,56.29411102,56.31506144,52.63450157,58.20091146,61.09159937,44.37211688,236.86936,104.6175752,132.2517848,1.497565714,222.2377003,106.5837883,104.6175752,1.966213113
2003-06-30,626.4164132,515.2736903,682.4532431,,,,,,,529.3239356,682.0090711,529.3239356,682.0090711,626.4164132,0.24374383,2.183796759,56.04857048,56.20313151,52.5970357,57.68224677,61.95542167,41.58725599,215.3120068,104.16126,111.1507467,1.425944333,211.6091377,101.7498626,104.16126,-2.411397458
2003-07-31,614.0264409,488.2663998,683.1651391,,,,,,,504.6462444,676.6547309,504.6462444,676.6547309,614.0264409,0.280132051,2.235549874,56.72432324,60.45571509,53.15265357,56.46299908,58.83860377,42.32988556,204.0267539,105.4170862,98.6096677,1.403846391,208.3298186,97.93449408,105.4170862,-7.482592066
2003-08-31,615.4745846,492.4370706,682.9955744,,,,,,,508.4521494,676.7528809,508.4521494,676.7528809,615.4745846,0.27344871,2.226086003,57.57707053,60.73225174,53.61300349,59.89639592,57.08945295,42.26799976,205.7695083,107.0018408,98.76766748,1.403841048,208.3290256,98.77140629,107.0018408,-8.230434501
2003-09-30,626.8573152,505.7179939,683.0909489,,,,,,,520.6249217,687.6832539,520.6249217,687.6832539,626.8573152,0.266501368,2.222868142,58.73217748,62.96442753,55.22321614,60.52535775,59.33497306,37.03021089,211.3190682,109.1485038,102.1705644,1.378964409,204.6373499,103.2651509,109.1485038,-5.883352913
2003-10-31,637.008477,513.475785,683.0909489,,,,,,,527.7307259,699.5781092,527.7307259,699.5781092,637.008477,0.269772522,2.235142924,60.33037192,62.70584333,57.5927651,60.59597196,67.38665883,36.87586331,214.5607349,112.1186054,102.4421295,1.428126091,211.9329089,101.239933,112.1186054,-10.87867245
2003-11-30,641.8426062,518.389521,683.0639055,,,,,,,532.2292248,704.6044118,532.2292248,704.6044118,641.8426062,0.268563017,2.23647475,61.79105312,62.17200214,58.55998643,64.77850472,68.83389281,37.62656494,216.6139862,114.8331509,101.7808353,1.479556,219.5650713,98.65594054,114.8331509,-16.17721035
2003-12-31,647.1059064,534.6862414,681.7340931,,,,,,,547.0445613,704.3984615,547.0445613,704.3984615,647.1059064,0.243165607,2.196877512,62.44352103,61.22920668,59.7178506,65.67672643,71.56378627,38.89080338,223.4237257,116.0457042,107.3780215,1.436009087,213.10274,104.8431971,116.0457042,-11.20250713
2004-01-31,651.7128938,553.3499925,681.7340931,,,,,,,564.1397576,701.8550213,564.1397576,701.8550213,651.7128938,0.21131278,2.138982078,64.2781458,65.93828478,60.94762088,66.92288497,71.21869198,35.92912592,231.2225514,119.4551904,111.767361,1.349900238,200.3242473,115.4241458,119.4551904,-4.031044565
2004-02-29,648.855514,544.0910593,682.7278662,,,,,,,555.7424911,702.1696384,555.7424911,702.1696384,648.855514,0.225669882,2.165621602,65.03403226,63.82470741,64.32824776,67.48168079,76.06333012,36.16296583,227.3536182,120.8599378,106.4936804,1.330214647,197.4029194,115.1723687,120.8599378,-5.687569147
2004-03-31,658.6616152,553.5608467,755.8117972,,,,,,,570.5585921,709.1071424,570.5585921,709.1071424,658.6616152,0.210348603,2.141601986,66.66120222,66.32455661,65.24808043,68.46616512,76.73328079,39.96208113,231.3106588,123.8838878,107.426771,1.322204217,196.2141773,117.8868224,123.8838878,-5.997065377
2004-04-30,662.5148889,549.1477746,762.994799,,,,,,,567.120087,717.1355012,567.120087,717.1355012,662.5148889,0.226433272,2.176135885,67.25068902,66.29510282,65.81146313,70.24966811,76.45253651,40.69300622,229.4666147,124.9793964,104.4872184,1.357882905,201.5088695,113.8742008,124.9793964,-11.10519552
2004-05-31,676.8899818,563.9136455,762.7199044,,,,,,,580.6218892,732.010618,580.6218892,732.010618,676.8899818,0.223653375,2.180093542,66.35527306,65.78091225,67.76786818,68.84606489,73.51595748,39.22908139,235.6366741,123.3153458,112.3213283,1.5085833,223.8727023,105.2547594,123.3153458,-18.06058641
2004-06-30,674.1463352,535.5589769,905.9205618,,,,,,,566.6852183,735.6758094,566.6852183,735.6758094,674.1463352,0.250673455,2.227862525,66.08270148,68.79103727,70.74094548,66.39026459,66.06363235,42.88685774,223.7884065,122.8087959,100.9796106,1.495925636,221.9943139,100.8081705,122.8087959,-22.00062537
2004-07-31,674.4339137,543.9149989,907.8372827,,,,,,,574.5000631,731.6534686,574.5000631,731.6534686,674.4339137,0.233015277,2.196323797,65.56188848,70.71367948,72.56498935,60.70945305,64.81972209,48.97698282,227.2800497,121.8409115,105.4391382,1.455224136,215.9542399,105.2445415,121.8409115,-16.59636993
2004-08-31,689.3451962,559.8287682,908.1501605,,,,,,,589.1026891,746.7414799,589.1026891,746.7414799,689.3451962,0.22867903,2.197663095,64.48114476,68.93096736,72.74244704,59.09336885,65.44023197,46.88411767,233.9297693,119.8324458,114.0973235,1.474444238,218.8064895,106.9117145,119.8324458,-12.92073132
2004-09-30,701.6992755,563.2921381,908.1668273,,,,,,,592.2763882,764.352009,592.2763882,764.352009,701.6992755,0.245227018,2.235719345,65.22852641,69.60988034,73.3043964,59.97720176,66.27003741,47.57048742,235.3769714,121.2213878,114.1555835,1.505570045,223.4255374,105.3491799,121.2213878,-15.87220795
2004-10-31,713.5250091,581.4357864,955.6435005,,,,,,,612.8852674,771.1487392,612.8852674,771.1487392,713.5250091,0.22180508,2.199380688,64.72532032,67.67760699,73.79475609,59.33595437,65.80293522,52.30233981,242.9584672,120.2862243,122.6722429,1.491942,221.403145,109.7357796,120.2862243,-10.55044473
2004-11-30,717.6197214,590.483215,954.7689713,,,,,,,621.0988264,772.8851057,621.0988264,772.8851057,717.6197214,0.211513528,2.181232515,65.37593349,68.29184309,75.12101921,60.02006363,66.93783393,50.50724982,246.7390212,121.4953307,125.2436904,1.45239495,215.5343906,114.4777966,121.4953307,-7.017534178
2004-12-31,721.8992818,598.5846836,954.9295861,,,,,,,628.5329231,775.3584597,628.5329231,775.3584597,721.8992818,0.203387841,2.166801597,65.60810649,68.60121135,75.81473677,60.52619769,66.02137322,51.04771096,250.1242968,121.9268035,128.1974933,1.400063217,207.7683982,120.3861121,121.9268035,-1.540691415
2005-01-31,715.2961458,577.9208659,956.4187892,,,,,,,609.7309084,775.7400881,609.7309084,775.7400881,715.2961458,0.232084544,2.220132104,65.38812876,68.61124206,76.21881756,60.49896336,63.14893798,53.96736246,241.4897243,121.5179946,119.9717297,1.356542105,201.3098957,119.959192,121.5179946,-1.558802605
2005-02-28,715.2506492,582.9397532,956.2193623,,,,,,,614.3112336,773.0459648,614.3112336,773.0459648,715.2506492,0.221928818,2.200671961,65.87759866,70.02858819,76.66764719,60.27037833,62.26632198,56.33154727,243.586914,122.4276306,121.1592834,1.316475,195.3639655,124.6836454,122.4276306,2.256014804
2005-03-31,715.4514407,582.8978009,957.5208202,,,,,,,614.3821854,773.3210993,614.3821854,773.3210993,715.4514407,0.222151924,2.201230241,67.14125464,70.62158326,77.00667738,61.54803978,66.74267313,54.96266033,243.5693838,124.7760224,118.7933615,1.311252174,194.5889017,125.1712619,124.7760224,0.395239545
2005-04-30,725.1708743,583.6788022,957.5208202,,,,,,,615.0975492,788.1960319,615.0975492,788.1960319,725.1708743,0.238700269,2.238293261,65.60015461,69.30113539,76.17646356,59.54505268,65.07478932,53.1569532,243.8957327,121.9120257,121.983707,1.360038095,201.8286982,120.84294,121.9120257,-1.069085657
2005-05-31,720.7699854,564.7077315,957.7132838,,,,,,,597.7370364,791.2154906,597.7370364,791.2154906,720.7699854,0.268433007,2.286632609,66.30097886,71.84785367,76.51078968,59.36642199,64.22690057,53.13205153,235.9684905,123.2144449,112.7540456,1.371628571,203.5487167,115.9272799,123.2144449,-7.287165024
2005-06-30,718.7643065,560.4123208,958.1455462,,,,,,,593.8389527,790.293354,593.8389527,790.293354,718.7643065,0.273322422,2.293261763,67.16445562,72.99314524,76.36046465,60.16411971,64.63713856,56.01508581,234.1736123,124.8191393,109.354473,1.361218182,202.0038222,115.9253373,124.8191393,-8.893801969
2005-07-31,720.3780721,559.3957428,965.1659635,,,,,,,593.4978267,793.0264403,593.4978267,793.0264403,720.3780721,0.276977633,2.300005185,67.42553521,71.9111965,77.0991157,61.18218108,64.43517446,59.65201501,233.7488256,125.3043324,108.4444932,1.339152381,198.7292729,117.6217385,125.3043324,-7.682593943
2005-08-31,725.5030524,567.0172304,1019.33632,,,,,,,605.0314137,794.4820171,605.0314137,794.4820171,725.5030524,0.261129988,2.277495993,67.465523,72.28519509,78.34242864,60.94778954,62.50964335,61.48219458,236.9335366,125.3786461,111.5548905,1.343077273,199.3117241,118.8758653,125.3786461,-6.502780836
2005-09-30,736.1237784,588.8372753,1010.927419,,,,,,,624.310932,800.1449412,624.310932,800.1449412,736.1237784,0.238864732,2.245102879,68.41242409,73.20944352,78.74656267,61.53264342,64.00235215,63.80425733,246.0512496,127.1383772,118.9128725,1.340636364,198.9494949,123.6752322,127.1383772,-3.463145026
2005-10-31,739.9781782,592.861574,1010.238223,,,,,,,627.9390952,804.1288782,627.9390952,804.1288782,739.9781782,0.238101323,2.245980721,69.38917408,73.30522635,78.49946709,62.07397202,66.80753884,68.82584777,247.7328411,128.9535798,118.7792613,1.357709524,201.4831398,122.954626,128.9535798,-5.998953744
2005-11-30,738.7595136,590.0489568,1010.822972,,,,,,,625.4120023,803.6593861,625.4120023,803.6593861,738.7595136,0.241279307,2.251023164,68.84049538,73.50624011,77.96557629,60.59673004,65.44132747,70.43391405,246.5575623,127.9339094,118.6236528,1.360205,201.8534668,122.1468059,127.9339094,-5.787103524
2005-12-31,741.7341378,577.5381646,1106.25292,,,,,,,621.972857,810.3063698,621.972857,810.3063698,741.7341378,0.253909727,2.274927607,69.51982197,73.61673805,76.92674117,61.47283845,63.49195563,82.58512343,241.3298089,129.1963772,112.1334317,1.352204545,200.6662049,120.2643011,129.1963772,-8.932076105
2006-01-31,749.4436417,595.9932244,1114.227193,,,,,,,639.5470817,812.3675881,639.5470817,812.3675881,749.4436417,0.230598402,2.237595273,69.41630633,70.04696763,74.33502425,62.74352302,63.67327271,97.45244957,249.0414309,129.0040026,120.0374283,1.334344444,198.0157785,125.7684781,129.0040026,-3.235524547
2006-02-28,747.2557028,594.5999137,1113.936016,,,,,,,638.2463974,809.67163,638.2463974,809.67163,747.2557028,0.229406389,2.234074747,70.42614704,67.70402217,74.45543302,64.79107313,64.98834716,111.0540638,248.4592229,130.8807014,117.5785215,1.326535,196.8568624,126.2131377,130.8807014,-4.667563634
2006-03-31,760.4753521,603.0000556,1158.512097,,,,,,,649.6868682,823.9099911,649.6868682,823.9099911,760.4753521,0.229097659,2.241105794,69.39894612,66.79460012,73.06998019,63.92847484,65.15630922,106.6964964,251.9693019,128.9717402,122.9975617,1.33513913,198.1337093,127.1713445,128.9717402,-1.80039579
2006-04-30,773.2209737,608.6436745,1164.804639,,,,,,,655.3850245,840.6908104,655.3850245,840.6908104,773.2209737,0.239654371,2.26788898,69.70869181,66.18312644,71.60039967,65.12106362,66.75830034,108.2245076,254.3275417,129.5473749,124.7801668,1.337345,198.4610588,128.1498463,129.5473749,-1.397528671
2006-05-31,789.0032226,622.0953153,1215.183682,,,,,,,671.9401492,856.0305303,671.9401492,856.0305303,789.0032226,0.233320189,2.265031097,70.99588269,67.99182905,71.25965795,67.78712247,68.28309273,104.0978055,259.9484376,131.9395042,128.0089335,1.420659091,210.8248114,123.3006855,131.9395042,-8.638818669
2006-06-30,804.7991509,639.9545958,1273.312836,,,,,,,693.1838244,868.7072187,693.1838244,868.7072187,804.7991509,0.218095899,2.244335009,71.097227,70.44927448,71.00055587,67.78429956,67.93735982,95.30131532,267.4111076,132.1278435,135.2832641,1.600536364,237.5184723,112.5853939,132.1278435,-19.54244962
2006-07-31,817.6659105,622.8330245,1275.616934,,,,,,,677.6948417,897.8097477,677.6948417,897.8097477,817.6659105,0.269199074,2.342649454,72.88658373,71.79553436,71.28180874,69.85457889,70.44588721,99.32670516,260.2566964,135.4532031,124.8034933,1.558266667,231.245679,112.5455393,135.4532031,-22.90766383
2006-08-31,834.8523088,640.634955,1277.164786,,,,,,,694.1307332,915.4258671,694.1307332,915.4258671,834.8523088,0.265070997,2.344971864,72.86264223,74.18336143,70.29798391,69.64621691,73.54572924,83.24985121,267.6954022,135.40871,132.2866923,1.469245455,218.0349936,122.7763478,135.40871,-12.63236211
2006-09-30,859.9543637,685.0894273,1277.250272,,,,,,,734.8563096,931.582295,734.8563096,931.582295,859.9543637,0.228763285,2.293861729,73.00980691,74.81864572,70.34392992,72.53916249,71.7034921,74.77867211,286.2711258,135.6822024,150.5889234,1.479252381,219.5200145,130.4077564,135.6822024,-5.27444594
2006-10-31,879.5484596,678.5625496,1277.250272,,,,,,,728.8779693,965.8185108,728.8779693,965.8185108,879.5484596,0.269388843,2.374639377,74.91854081,73.6300426,71.90488977,79.8575429,72.69758564,72.03225542,283.5438079,139.2294138,144.3143942,1.483373684,220.131613,128.8064918,139.2294138,-10.422922
2006-11-30,882.9227035,693.6100094,1277.354485,,,,,,,742.6695561,963.2280517,742.6695561,963.2280517,882.9227035,0.249804988,2.343523791,77.47023194,72.06176863,75.39288215,85.33230129,78.34697736,72.8958436,289.831532,143.9715037,145.8600282,1.458022727,216.3695488,133.9520896,143.9715037,-10.01941408
2006-12-31,883.7932288,691.2440782,1280.034387,,,,,,,740.7276911,965.7088794,740.7276911,965.7088794,883.7932288,0.25456315,2.352146206,78.56684047,70.62015012,81.69783662,85.35516442,83.00505254,71.60776172,288.8429051,146.0094527,142.8334524,1.433271429,212.6964734,135.8005144,146.0094527,-10.20893825
2007-01-31,895.6898619,716.0481306,1334.301984,,,,,,,768.0079437,968.7972474,768.0079437,968.7972474,895.6898619,0.224172799,2.302740574,78.11581408,69.59479029,84.24031081,85.10891731,82.27075996,67.75566551,299.2075141,145.1712605,154.0362536,1.42666,211.7153421,141.3253811,145.1712605,-3.845879332
2007-02-28,901.532672,707.7459246,1361.013245,,,,,,,762.648369,981.0542551,762.648369,981.0542551,901.532672,0.242260644,2.339264339,79.62016436,70.94922633,88.28446236,87.0168414,82.87024234,65.41328807,295.7383584,147.966961,147.7713974,1.39694,207.304915,142.6586333,147.966961,-5.30832773
2007-03-31,914.4544735,724.3508416,1366.342974,,,,,,,778.3056871,992.4097701,778.3056871,992.4097701,914.4544735,0.234133124,2.330624949,80.77702211,72.85669232,91.77370071,86.42964367,84.41828569,64.6087727,302.6768808,150.1168778,152.560003,1.409631818,209.1883719,144.6910639,150.1168778,-5.425813906
2007-04-30,920.8787539,719.3772942,1367.282186,,,,,,,773.8290648,1005.075627,773.8290648,1005.075627,920.8787539,0.251115102,2.364075286,83.5509143,74.80825444,102.0297265,85.07588982,92.75924978,60.15299527,300.5986367,155.2719085,145.3267282,1.361815,202.0923896,148.743175,155.2719085,-6.528733575
2007-05-31,921.4872379,707.4518027,1367.744025,,,,,,,762.9446399,1012.264656,762.9446399,1012.264656,921.4872379,0.270562636,2.396757146,86.16642717,76.63258759,105.2760049,86.56297462,100.2534585,58.35830714,295.6154568,160.1326055,135.4828513,1.338282609,198.6001993,148.8495268,160.1326055,-11.28307873
2007-06-30,913.7919363,687.3647762,1379.293085,,,,,,,745.5164001,1010.142184,745.5164001,1010.142184,913.7919363,0.289590851,2.422632158,91.11611705,78.02316576,121.0446681,91.94718046,104.9241153,57.49190598,287.221902,169.3311619,117.8907401,1.321547619,196.1167386,146.4545577,169.3311619,-22.87660422
2007-07-31,915.6782452,694.7893486,1379.293085,,,,,,,752.3169902,1009.214702,752.3169902,1009.214702,915.6782452,0.280554565,2.409760236,95.32235025,79.2478748,135.0338955,94.85390283,108.5781594,62.93785617,290.32433,177.1480704,113.1762596,1.282131818,190.2674614,152.5874829,177.1480704,-24.56058758
2007-08-31,936.1380618,751.8946122,1379.293085,,,,,,,804.622965,1011.440227,804.622965,1011.440227,936.1380618,0.220926026,2.315586784,98.91528164,79.36011639,141.4954678,102.1385223,112.7981749,60.68306058,314.186307,183.8252124,130.3610946,1.314595455,195.0850422,161.0509465,183.8252124,-22.77426589
2007-09-30,951.410754,769.8976252,1514.541568,,,,,,,832.479621,1019.507665,832.479621,1019.507665,951.410754,0.196579703,2.271906731,105.0295442,80.51020932,145.0935608,117.1577824,118.2471421,60.37665272,321.709037,195.1880231,126.5210139,1.267385,188.0790439,171.0499109,195.1880231,-24.1381122
2007-10-31,965.9166695,776.2911742,1512.003795,,,,,,,838.1225563,1039.088295,838.1225563,1039.088295,965.9166695,0.208057015,2.303122024,107.5851254,79.22091771,147.9713005,121.3337272,125.8505937,61.89117898,324.3806422,199.9373424,124.4432998,1.202366667,178.4303689,181.7967671,199.9373424,-18.14057531
2007-11-30,963.2535579,774.2283072,1511.204268,,,,,,,836.165864,1036.020706,836.165864,1036.020706,963.2535579,0.207478955,2.300714674,110.4533259,80.21911402,153.9910314,121.0379669,136.2503391,62.48918413,323.5186536,205.2676366,118.251017,1.190463636,176.6639676,183.126564,205.2676366,-22.14107261
2007-12-31,967.004074,786.15367,1511.204268,,,,,,,847.0889853,1035.664372,847.0889853,1035.664372,967.004074,0.19500992,2.275485008,114.3905008,80.97285588,152.5594222,132.234047,138.5571516,66.27084841,328.5017797,212.5845244,115.9172554,1.178626316,174.9073175,187.8147721,212.5845244,-24.76975231
2008-01-31,982.561993,819.7188103,1511.420144,,,,,,,877.8513585,1042.516612,877.8513585,1042.516612,982.561993,0.167587648,2.216601966,120.0158302,81.63930028,150.6343671,140.9768698,154.0967524,74.13918553,342.5272925,223.0386964,119.4885961,1.176086364,174.5303904,196.2565326,223.0386964,-26.78216384
2008-02-29,988.112908,825.591255,1511.769683,,,,,,,883.2596425,1048.149194,883.2596425,1048.149194,988.112908,0.166873188,2.217193135,128.0284044,79.50995151,149.878067,160.8264219,168.632379,83.60771257,344.9811493,237.9293496,107.0517997,1.193904762,177.1746282,194.7125008,237.9293496,-43.21684888
2008-03-31,1003.448001,833.4358076,1511.50644,,,,,,,890.4227929,1068.16333,890.4227929,1068.16333,1003.448001,0.177129794,2.249786489,132.069471,84.72537448,152.632936,163.3315368,176.6016472,81.68925284,348.2590701,245.4393107,102.8197594,1.238333333,183.767797,189.5103907,245.4393107,-55.92892002
2008-04-30,1027.755044,848.4751273,1554.936784,,,,,,,907.8481751,1096.410636,907.8481751,1096.410636,1027.755044,0.183470236,2.275455236,130.3754038,86.15107105,148.9489508,162.7358181,169.4050233,77.73137478,354.5433928,242.2910382,112.2523545,1.302971429,193.3600449,183.3591799,242.2910382,-58.93185828
2008-05-31,1043.609182,837.2477716,1556.794405,,,,,,,897.7205181,1127.141282,897.7205181,1127.141282,1043.609182,0.219833984,2.360632722,130.0351823,91.03274653,144.2598033,157.4407068,172.0181414,74.70178369,349.8519355,241.6587671,108.1931684,1.253009524,185.9457334,188.1473316,241.6587671,-53.51143552
2008-06-30,1061.674733,845.9229403,1558.730714,,,,,,,905.8293338,1150.907804,905.8293338,1150.907804,1061.674733,0.230841389,2.389305161,132.5286165,92.97756259,143.8982262,160.2872966,178.3161378,75.03800307,353.4769372,246.2925917,107.1843454,1.23372381,183.0837469,193.0684417,246.2925917,-53.22415002
2008-07-31,1078.352599,873.133223,1559.294239,,,,,,,930.8001472,1162.837342,930.8001472,1162.837342,1078.352599,0.21517748,2.365557607,130.1051155,100.0782772,144.1179755,148.210395,164.7994291,88.06348999,364.8470123,241.7887316,123.0582807,1.215786957,180.4219305,202.218772,241.7887316,-39.5699596
2008-08-31,1076.081007,875.6289361,1559.657407,,,,,,,933.1166351,1157.938733,933.1166351,1157.938733,1076.081007,0.208926741,2.351838995,121.1034444,101.7647329,133.5486456,136.5100777,135.6186167,90.3945217,365.8898697,225.0599301,140.8299396,1.178328571,174.8631325,209.243575,225.0599301,-15.81635517
2008-09-30,1104.961559,902.6749562,1559.154555,,,,,,,957.8473695,1189.195364,957.8473695,1189.195364,1104.961559,0.209371985,2.364265739,112.7615281,100.8521028,120.5041686,125.3284698,120.5923983,83.73737805,377.1913062,209.5572242,167.634082,1.23557619,183.3586389,205.7123179,209.5572242,-3.844906307
2008-10-31,1118.308907,911.4998515,1558.983016,,,,,,,965.9161789,1205.565067,965.9161789,1205.565067,1118.308907,0.214295788,2.379575419,97.58430379,95.0446953,106.9503961,104.9275047,92.21375072,73.64409915,380.8788725,181.351709,199.5271635,1.480365,219.6851264,173.374902,181.351709,-7.976806986
2008-11-30,1126.027808,904.8132429,1559.197227,,,,,,,959.8095349,1221.200121,959.8095349,1221.200121,1126.027808,0.232135107,2.417289942,89.54742717,87.36966465,97.7755885,95.99249979,82.02994902,74.8818151,378.0848096,166.4158919,211.6689177,1.595505,236.7718215,159.6831951,166.4158919,-6.732696845
2008-12-31,1107.702186,893.2982261,1559.784034,,,,,,,949.3115898,1198.392571,949.3115898,1198.392571,1107.702186,0.224862769,2.396340567,85.97297772,80.80336283,94.89029124,95.13421694,78.55005828,72.71581219,373.2731504,159.773097,213.5000534,1.546226316,229.4588994,162.6753861,159.773097,2.902289068
2009-01-31,1106.886604,921.1154413,1559.62013,,,,,,,974.7771921,1182.529059,974.7771921,1182.529059,1106.886604,0.187690289,2.317544935,86.42134842,77.31819002,88.19398325,100.3672917,82.7778664,77.4191328,384.896838,160.6063539,224.2904842,1.596728571,236.9533987,162.4356689,160.6063539,1.829315004
2009-02-28,1108.33393,899.3364852,1561.262309,,,,,,,954.9666149,1196.148114,954.9666149,1196.148114,1108.33393,0.21760725,2.38234399,84.15598266,74.95309179,82.56049181,97.2116477,82.2367459,81.87491023,375.7962944,156.396374,219.3999203,1.660335,246.392548,152.5193426,156.396374,-3.877031451
2009-03-31,1119.385892,910.7847355,1565.929163,,,,,,,965.8449373,1207.299497,965.8449373,1207.299497,1119.385892,0.2157027,2.382835411,84.0151391,75.40434143,80.85013687,97.20889215,81.4880996,82.92696879,380.5800545,156.1346289,224.4454256,1.712763636,254.1729208,149.7327305,156.1346289,-6.401898367
2009-04-30,1120.807087,898.3377545,1567.17976,,,,,,,954.5491397,1216.002116,954.5491397,1216.002116,1120.807087,0.233272058,2.41739359,87.21102317,77.91862798,80.39093481,98.11301618,93.80381316,84.45554799,375.3789652,162.0738938,213.3050714,1.611895238,239.2041213,156.9283017,162.0738938,-5.145592119
2009-05-31,1135.704993,932.4734188,1566.678091,,,,,,,985.773784,1221.551751,985.773784,1221.551751,1135.704993,0.20760494,2.372503219,93.34141033,80.93156122,83.49287299,103.3110477,106.6050726,99.36108616,389.6428769,173.4666706,216.1762063,1.559252632,231.3919955,168.3908192,173.4666706,-5.075851356
2009-06-30,1143.604375,941.5995549,1567.468107,,,,,,,994.1993289,1229.149865,994.1993289,1229.149865,1143.604375,0.205447392,2.37097644,93.32691658,83.131405,84.66477839,102.9861943,100.7203983,101.6614875,393.4563196,173.4397353,220.0165843,1.547218182,229.6060916,171.3614464,173.4397353,-2.078288878
2009-07-31,1116.799222,872.5441761,1571.426518,,,,,,,931.2802367,1223.022626,931.2802367,1223.022626,1116.799222,0.261230831,2.464999535,90.70598864,85.2471328,85.12781263,94.45961683,89.9034651,114.0330211,364.6008735,168.5689749,196.0318986,1.520991304,225.7140414,161.5322074,168.5689749,-7.036767473
2009-08-31,1136.306831,933.8644212,1572.877746,,,,,,,987.5689193,1221.470338,987.5689193,1221.470338,1136.306831,0.205843538,2.369032856,93.45880759,85.28857699,87.95288926,91.90025141,97.85431529,138.8449126,390.2241204,173.6848429,216.5392775,1.486352381,220.5736495,176.9132992,173.6848429,3.228456266
2009-09-30,1144.605777,935.1140003,1573.417315,,,,,,,988.7588271,1233.839736,988.7588271,1233.839736,1144.605777,0.214118183,2.389309482,93.04492571,84.34801928,95.0789374,89.83589555,93.24716637,142.570143,390.7462689,172.9156804,217.8305885,1.492395,221.4703699,176.4327522,172.9156804,3.517071772
2009-10-31,1161.980323,918.8781877,1572.612016,,,,,,,973.8198388,1269.716182,973.8198388,1269.716182,1161.980323,0.254648325,2.471139598,94.78633447,82.48034217,102.6565122,93.82238434,95.1711155,140.1347627,383.9619804,176.151933,207.8100474,1.46917619,218.0247149,176.1093831,176.151933,-0.042549908
2009-11-30,1174.264526,947.5397221,1572.64294,,,,,,,1000.075175,1274.000872,1000.075175,1274.000872,1174.264526,0.233274268,2.437632776,98.80824099,83.72130764,113.0970062,98.01742235,101.7554786,137.7784141,395.9384748,183.6262869,212.312188,1.487173684,220.6955303,179.4048453,183.6262869,-4.221441544
2009-12-31,1171.138768,940.9243868,1570.846151,,,,,,,993.8648042,1272.641285,993.8648042,1272.641285,1171.138768,0.238038812,2.445256131,100.6597468,83.93279495,112.802408,99.04553054,107.5647768,145.6454117,393.1741941,187.0671449,206.1070492,1.506743478,223.599674,175.8384469,187.0671449,-11.228698
2010-01-31,,,,108.46,110.09,101.28,,,,108.7471363,108.3592191,1060.781082,1331.678045,1232.812247,0.219739027,2.432804136,101.4955256,85.02553808,108.9779536,98.36118784,107.1020027,163.7745748,432.8454703,188.6203652,244.2251051,1.4734,218.6515253,197.9613313,188.6203652,9.340966104
2010-02-28,,,,108.41,111.73,108.93,,,,111.3032102,107.3945231,1085.714472,1319.822436,1232.243921,0.189985083,2.369416187,98.97938668,85.6548689,101.5882131,93.9696703,107.3091027,157.3570176,439.2935271,183.9443459,255.3491813,1.51283,224.5029096,195.6738681,183.9443459,11.72952222
2010-03-31,,,,108.75,112.89,109.11,,,,112.3138337,107.4991435,1095.572666,1321.108165,1236.108536,0.182456065,2.353214909,96.30892033,86.92559848,101.6001718,91.77245329,110.3253058,115.4923518,443.8543478,178.9815228,264.872825,1.535678261,227.8935754,194.7638703,178.9815228,15.78234756
2010-04-30,,,,109.52,111.79,109.27,,,,111.4058891,108.8580789,1086.716061,1337.80877,1244.860753,0.20170345,2.399834102,96.84372055,89.4535303,109.7375142,90.66416367,109.3639769,101.7991901,439.5294316,179.9754012,259.5540304,1.495047619,221.8640167,198.1075787,179.9754012,18.13217755
2010-05-31,,,,109.06,110.18,112.85,,,,110.5869746,108.524053,1078.727905,1333.703766,1239.632156,0.205686711,2.406499066,96.28737386,89.76523769,111.7574269,90.55718247,107.166612,94.07878952,433.1993271,178.9414806,254.2578465,1.54221,228.8628809,189.2833496,178.9414806,10.34186905
2010-06-30,,,,109.09,106.97,112.82,,,,107.8616859,109.5211213,1052.143898,1345.957214,1239.973151,0.236951353,2.468071475,95.75005588,90.81550058,110.4405512,87.79753556,106.0280117,98.10024117,420.5784355,177.9429231,242.6355123,1.577863636,234.1538555,179.616276,177.9429231,1.67335289
2010-07-31,,,,109.75,108.18,113.03,,,,108.919261,110.041578,1062.460083,1352.353353,1247.475051,0.232384022,2.462238133,99.96017481,91.82057675,112.842359,95.27884294,110.1336144,107.8781972,425.3358432,185.767053,239.5687903,1.543731818,229.0887177,185.6642472,185.767053,-0.10280572
2010-08-31,,,,110.84,114.99,117.33,,,,115.3466744,109.2582194,1125.156709,1342.726287,1259.864553,0.172692832,2.337598169,107.6661071,92.61712239,112.2569089,112.9419935,121.8069411,114.5674893,452.1110058,200.0878395,252.0231663,1.50887619,223.916167,201.9108365,200.0878395,1.822996981
2010-09-30,,,,111.56,116.49,117.5,,,,116.6439492,109.7756039,1137.811062,1349.084671,1268.048444,0.1666132,2.324845252,114.1321396,92.50382093,116.0260131,125.9459169,124.8527817,138.7226413,458.0086188,212.1043832,245.9042356,1.496105,222.0209313,206.2907385,212.1043832,-5.813644724
2010-10-31,,,,112.68,116.41,118.15,,,,116.6752194,111.277733,1138.116089,1367.545052,1280.778941,0.179132367,2.360648242,120.0721393,93.98918894,121.385669,130.5890404,139.17832,152.3274704,457.6940794,223.1433418,234.5507376,1.4253,211.513519,216.3899884,223.1433418,-6.753353378
2010-11-30,,,,112.6,114.35,118.28,,,,114.94903,111.7755228,1121.277861,1373.662628,1279.86962,0.197195685,2.402063137,124.1206228,96.10945397,118.7357467,132.3921968,153.8718738,162.8299725,449.594691,230.6670867,218.9276043,1.436422222,213.164049,210.9148766,230.6670867,-19.75221008
2010-12-31,,,,112.31,112.27,118.1,,,,113.1586374,112.01214,1103.813359,1376.570528,1276.57333,0.213663534,2.435776174,129.3098709,97.35224088,117.4390784,139.7215647,166.2636594,173.76079,441.4166678,240.3108405,201.1058272,1.520443478,225.6327444,195.6350214,240.3108405,-44.67581916
2011-01-31,,,,113.87,111.7,133.85,,,,115.0762125,113.446636,1122.518471,1394.199734,1294.305094,0.209905117,2.434059687,133.6873154,97.62055713,122.7837784,144.8990675,174.4881654,183.2376581,439.1755749,248.4459301,190.7296448,1.561309524,231.6972369,189.5471784,248.4459301,-58.89875171
2011-02-28,,,,114.67,112.84,133.89,,,,116.048545,114.1861497,1132.003153,1403.287969,1303.398307,0.208136542,2.433425487,137.6224,100.3148841,130.2617201,151.4431287,175.4335063,182.3807027,443.6577607,255.7589332,187.8988275,1.59047,236.024631,187.9709582,255.7589332,-67.78797496
2011-03-31,,,,116.67,114.99,133.86,,,,117.8662587,116.2501297,1149.73416,1428.653202,1326.131337,0.210325354,2.445478165,134.2794232,103.4855182,135.8088466,145.5318466,163.1108184,162.3775702,452.1110058,249.5463094,202.5646964,1.582265217,234.8070471,192.5457568,249.5463094,-57.00055262
2011-04-30,,,,117.76,115.34,133.8,,,,118.1537644,117.6217941,1152.538654,1445.510239,1338.520839,0.21887712,2.466825502,136.4202439,107.7119705,134.5187196,151.7317547,162.7870129,150.7420152,453.4871155,253.5248334,199.9622821,1.522938095,226.0029438,200.655402,253.5248334,-52.86943136
2011-05-31,,,,119.57,117.87,133.85,,,,120.3057506,119.3117617,1173.530344,1466.279056,1359.094231,0.215399863,2.466494993,135.1633393,108.1026554,134.1712872,150.8932882,162.4030085,136.1628197,463.4344226,251.1889886,212.245434,1.571704762,233.2398829,198.69433,251.1889886,-52.49465861
2011-06-30,,,,118.99,112.11,134,,,,115.446582,120.2336909,1126.131265,1477.609083,1352.501652,0.259872376,2.545897921,134.955868,106.8621961,135.3177611,147.1299422,160.7759031,155.9887788,440.787589,250.8034217,189.9841674,1.6017,237.6911552,185.4455159,250.8034217,-65.35790574
2011-07-31,,,,120.19,113.22,133.98,,,,116.3843418,121.5257336,1135.278704,1493.487611,1366.141471,0.26220484,2.554136379,133.1989661,106.5010693,133.5680609,140.4752203,156.053259,174.6210922,445.1518226,247.5383765,197.6134461,1.654657143,245.549958,181.2876802,247.5383765,-66.25069623
2011-08-31,,,,122.97,117.1,134.16,,,,119.7003695,124.1175952,1167.625115,1525.340233,1397.740383,0.255923863,2.553537295,132.9764676,105.6412625,131.8809009,144.8670897,151.4822886,171.710666,460.4069813,247.124883,213.2820983,1.752647619,260.0916758,177.0171921,247.124883,-70.10769097
2011-09-30,,,,123.98,121.18,134.4,,,,123.1950577,124.2555039,1201.71428,1527.035058,1409.220564,0.230851569,2.512311802,130.4093699,106.9482323,127.1188076,140.4802034,147.8201659,165.2660225,476.4484885,242.3541612,234.0943272,1.795142857,266.3979393,178.8484137,242.3541612,-63.50574758
2011-10-31,,,,125.67,121.81,134.63,,,,123.7640878,126.3389489,1207.264921,1552.639506,1428.429975,0.241786151,2.538290376,125.7190211,106.1974292,126.2054443,133.1265985,137.990686,157.5140896,478.9254859,233.6375671,245.2879188,1.835895238,272.445564,175.7875881,233.6375671,-57.84997902
2011-11-30,,,,127.93,123.54,151.74,,,,127.8383834,127.9621562,1247.007905,1572.587873,1454.118299,0.223901981,2.512657676,126.119292,108.3011106,125.0588483,130.8952076,144.9603689,148.2333632,485.7273994,234.3814348,251.3459646,1.812463158,268.9682598,180.5891148,234.3814348,-53.79232003
2011-12-31,,,,128.84,125.49,152.41,,,,129.5932794,128.5756093,1264.126154,1580.12689,1464.461828,0.215779428,2.499688094,122.0612877,106.4894635,121.994248,124.4155535,140.453486,142.5721076,493.3942962,226.8399965,266.5542997,1.867822727,277.183581,178.0027137,226.8399965,-48.83728276
2012-01-31,,,,127.94,125.59,152.84,,,,129.7435797,127.3069684,1265.592268,1564.535958,1454.231964,0.205568092,2.475589392,122.401387,103.137948,120.3340219,127.2394788,144.3284295,145.7940983,493.7874704,227.4720406,266.3154298,1.847813636,274.214246,180.0736022,227.4720406,-47.39843845
2012-02-29,,,,127.61,126.99,152.84,,,,130.9301848,126.4446609,1277.167085,1553.938651,1450.481014,0.190813643,2.442121471,125.3829266,105.5779855,121.242063,131.1384203,148.3352885,149.2773847,499.2919091,233.0129655,266.2789436,1.759533333,261.113511,191.2164205,233.0129655,-41.79654501
2012-03-31,,,,128.8,128.05,153.12,,,,131.8712933,127.7220184,1286.34719,1569.636705,1464.007167,0.19350282,2.452230501,125.7632492,106.4807457,118.0670453,130.6055665,152.4733822,149.126019,503.4595556,233.7197611,269.7397945,1.787881818,265.3204062,189.7553086,233.7197611,-43.96445246
2012-04-30,,,,131.2,128.44,153.16,,,,132.2079446,130.8462253,1289.631077,1608.031572,1491.286804,0.213507217,2.502973735,124.3810221,105.718865,112.5253603,129.1105265,156.2915661,141.2852759,504.9929349,231.1510156,273.8419194,1.78842,265.400272,190.2759673,231.1510156,-40.87504821
2012-05-31,,,,131.02,128.18,153.3,,,,132.0089145,130.6729046,1287.689625,1605.901551,1489.240831,0.21367392,2.502716452,119.0406551,103.7490438,105.5211652,126.3042147,144.3966071,128.4719689,503.970682,221.2264207,282.7442613,1.805627273,267.9538192,188.0811714,221.2264207,-33.14524929
2012-06-30,,,,129.78,121.61,153.4,,,,126.4555889,130.9468225,1233.519346,1609.267858,1475.146352,0.254719481,2.57489727,115.8700589,101.4033063,102.2774687,125.3278911,135.257979,126.662546,478.1391375,215.3341509,262.8049866,1.824833333,270.8039851,176.5628143,215.3341509,-38.77133654
2012-07-31,,,,128.48,120.47,153.55,,,,125.5122171,129.5216509,1224.317163,1591.753246,1460.369882,0.251604807,2.565181803,122.1287742,100.3694048,99.73376754,143.8969628,138.5571295,141.4307076,473.6569517,226.9654141,246.6915376,1.813590909,269.1356173,175.9919243,226.9654141,-50.97348983
2012-08-31,,,,129.92,126.52,153.59,,,,130.6461432,129.6651337,1274.396383,1593.516575,1476.737664,0.216098093,2.503954285,123.3538562,103.0818672,101.9929011,147.0592985,138.3126085,129.1583503,497.4439904,229.2421195,268.2018709,1.79444,266.2936358,186.8028085,229.2421195,-42.43931106
2012-09-30,,,,132.15,130.61,153.61,,,,134.1157737,131.4600405,1308.241121,1615.575039,1502.084993,0.204604879,2.487610493,125.2230452,107.0204703,110.9542063,146.7645116,136.9261605,123.7220866,513.524815,232.7158403,280.8089747,1.804275,267.7531429,191.7903967,232.7158403,-40.92544355
2012-10-31,,,,133.38,130.97,153.59,,,,134.4178522,133.0157282,1311.187766,1634.693626,1516.065807,0.213385104,2.509882152,124.0415128,107.966523,114.2221146,146.452611,124.8974686,125.698127,514.9402421,230.5200678,284.4201743,1.80278,267.5312859,192.4785134,230.5200678,-38.04155436
2012-11-30,,,,133.49,131.06,153.73,,,,134.5154734,133.130073,1312.140019,1636.098863,1517.316124,0.213507811,2.510489841,123.6386605,107.690458,114.861453,148.4845581,121.5218111,119.6955715,515.2940988,229.7714027,285.5226961,1.79405,266.2357601,193.5480413,229.7714027,-36.22336145
2012-12-31,,,,133.48,131.1,153.93,,,,134.5798614,133.0939638,1312.768096,1635.6551,1517.202459,0.212817349,2.509050566,122.8647553,107.4062558,118.149156,146.3961944,118.380955,119.5014752,515.4513685,228.3331692,287.1181993,1.78767619,265.2898912,194.2974028,228.3331692,-34.03576645
2013-01-31,,,,134.82,135.15,154.03,,,,138.0277829,133.6941124,1346.401072,1643.030612,1532.433589,0.193567632,2.472214399,123.3904553,106.454726,121.007555,145.1817665,124.2797298,116.803817,531.3749234,229.3101356,302.0647878,1.772368182,263.0181935,202.0297213,229.3101356,-27.28041421
2013-02-28,,,,134.09,131.6,154.63,,,,135.1103464,133.7318725,1317.942746,1643.494664,1524.136033,0.213597678,2.512620258,123.2519543,107.5539456,123.7723206,142.2832108,125.5491153,113.031315,517.4172395,229.0527439,288.3644956,1.776035,263.5623467,196.3168282,229.0527439,-32.73591566
2013-03-31,,,,134.36,133.4,154.78,,,,136.6588453,133.553137,1333.04768,1641.298098,1527.204992,0.201839583,2.488903675,122.8879324,108.0217612,128.0330482,139.9416789,122.3818303,114.2535595,524.494375,228.3762418,296.1181332,1.810457143,268.6705686,195.2183962,228.3762418,-33.15784557
2013-04-30,,,,135.49,133.51,154.95,,,,136.7779908,135.037933,1334.209892,1659.545464,1540.049155,0.211250122,2.51233155,122.8715607,108.7373873,140.8162204,134.8538489,120.6359957,110.1820367,524.9268666,228.3458164,296.5810502,1.799690476,267.0728028,196.54823,228.3458164,-31.7975864
2013-05-31,,,,135.88,131.98,162.49,,,,136.630485,135.6165901,1332.771038,1666.656857,1544.482095,0.216179792,2.523597974,122.0916012,105.4602893,139.9765659,136.3803021,121.0459034,109.0596533,518.9113014,226.8963314,292.01497,1.82605,270.9845376,191.4911109,226.8963314,-35.40522053
2013-06-30,,,,137.88,131.98,162.49,,,,136.630485,138.3185626,1332.771038,1699.862683,1567.215126,0.234231816,2.5647745,120.9232668,104.9864389,140.2585705,133.7595801,120.6812342,105.7813938,518.9113014,224.7250863,294.1862151,1.897915,281.6492531,184.2402547,224.7250863,-40.48483159
2013-07-31,,,,137.76,127.92,162.87,,,,133.2472517,139.3439125,1299.769067,1712.463696,1565.851144,0.263559298,2.615628817,117.8992147,104.5134164,140.9898098,126.4414652,116.2209894,104.2103018,502.9484291,219.1051557,283.8432734,1.933965217,286.9990801,175.2439168,219.1051557,-43.86123892
2013-08-31,,,,139.05,130.6,162.79,,,,135.5065589,140.293699,1321.807627,1724.136075,1580.513949,0.254555455,2.604580742,116.1534228,105.4731344,145.6496677,119.2319695,111.8949261,105.4027653,513.4854975,215.8607573,297.6247402,1.958221053,290.598629,176.6992155,215.8607573,-39.16154189
2013-09-30,,,,141.89,133.34,162.86,,,,137.8395843,143.3116401,1344.565276,1761.22499,1612.794852,0.258346381,2.619781511,116.4053667,106.0536995,149.0006254,116.7059963,112.9169306,107.4867896,524.2584705,216.3289726,307.9294979,2.020785714,299.8831808,174.8208983,216.3289726,-41.50807435
2013-10-31,,,,144.01,138.53,162.83,,,,142.2339261,144.6333775,1387.430172,1777.46845,1636.891865,0.238279807,2.591107231,118.7531969,106.4184173,152.9606033,118.7228306,116.0393248,115.4995269,544.6642111,220.6922052,323.9720059,1.993883333,295.8908864,184.0760348,220.6922052,-36.61617038
2013-11-30,,,,144.54,136.02,162.74,,,,140.0927945,146.1009079,1366.544363,1795.50363,1642.916118,0.261096268,2.632416055,118.6788562,105.6380562,151.9296748,117.963352,121.9691431,109.3021063,534.7955389,220.5540498,314.2414891,2.0254,300.5679376,177.928339,220.5540498,-42.62571084
2013-12-31,,,,147.12,137.47,162.76,,,,141.3248268,149.1540259,1378.562303,1833.024852,1672.241727,0.271768454,2.6574981,118.1952032,104.6059428,156.4882945,117.8644606,120.3833534,102.4268889,540.4965647,219.6552238,320.8413408,2.061531818,305.929874,176.6733525,219.6552238,-42.98187138
2014-01-31,,,,150.2,140.88,162.83,,,,144.2257275,152.2968873,1406.859329,1871.648972,1707.250594,0.272244534,2.667256442,116.2244044,103.1858968,156.1831073,117.0124097,115.5799218,96.66561586,553.9038047,215.9926704,337.9111343,2.220845455,329.5719058,168.0676644,215.9926704,-47.92500597
2014-02-28,,,,153.64,148.82,171.38,,,,152.2587067,154.1248149,1485.217553,1894.113245,1746.351407,0.234142848,2.611612535,118.4705098,103.6179362,156.4176218,119.6743269,120.8404433,102.6437839,585.1218357,220.1668566,364.9549791,2.216745,328.9634012,177.8683688,220.1668566,-42.29848784
2014-03-31,,,,154.51,150.68,173.21,,,,154.1141339,154.6489435,1503.31644,1900.554511,1756.240275,0.226186631,2.599050865,122.1023335,106.2246164,154.7919872,125.4151419,125.3836158,110.7726308,592.4348757,226.9162764,365.5185994,2.221785714,329.7114397,179.6828391,226.9162764,-47.23343723
2014-04-30,,,,155.04,152.35,174.02,,,,155.6530485,154.8248284,1518.327883,1902.716044,1762.264528,0.218121715,2.584770004,121.4568414,109.6855808,147.3018639,125.4909023,121.5300711,108.9808896,599.0008848,225.716687,373.2841978,2.131295238,316.2827166,189.3878019,225.716687,-36.32888506
2014-05-31,,,,153.83,150.03,173.95,,,,153.6760046,153.8840503,1499.042678,1891.154373,1748.511045,0.224254629,2.593409796,121.3047573,112.0675653,141.8010575,125.2467695,119.1770664,113.0653522,589.8792435,225.4340524,364.4451911,2.094565,310.831975,189.7743124,225.4340524,-35.65973992
2014-06-30,,,,154.31,148.29,174.05,,,,152.2164665,155.0448014,1484.805518,1905.419397,1753.966972,0.239807183,2.623883599,119.2949881,116.1876515,136.0528237,118.7482054,115.2223008,112.5148943,583.0380125,221.6990758,361.3389366,2.119538095,314.5379648,185.3633194,221.6990758,-36.33575641
2014-07-31,,,,154.7,147.42,174.17,,,,151.4973672,155.82408,1477.791016,1914.996322,1758.399913,0.248638153,2.640685424,116.3746815,117.778308,130.2120025,112.1751115,110.6286441,113.0006534,579.617397,216.2719469,363.3454501,2.12249,314.9760254,184.0195285,216.2719469,-32.25241837
2014-08-31,,,,155.61,153.39,174.26,,,,156.5711085,155.2726641,1527.28316,1908.219711,1768.743442,0.215371287,2.580852645,113.0235495,119.1697025,120.6346068,110.3858843,101.6475475,106.5555557,603.0898964,210.0441675,393.0457289,2.162161905,320.8633082,187.958511,210.0441675,-22.08565653
2014-09-30,,,,155.71,152,174.19,,,,155.3823095,155.8250149,1515.686941,1915.007812,1769.880093,0.225620296,2.601322009,109.3497745,117.9130265,110.8497202,107.3949105,98.55103414,99.47579367,597.6247751,203.216785,394.4079901,2.207559091,327.6002188,182.4250232,203.216785,-20.79176176
2014-10-31,,,,158.44,156.7,174.21,,,,159.3689607,158.1139476,1554.574992,1943.137596,1800.91068,0.215758953,2.589461,109.3553704,117.1964132,107.1092088,108.1507191,100.0911531,103.6335979,616.1039622,203.2271844,412.8767778,2.262385,335.7363452,183.508271,203.2271844,-19.71891336
2014-11-30,,,,157.37,156.88,174.13,,,,159.5093303,156.6191246,1555.944236,1924.767004,1788.748509,0.206190398,2.566817722,108.2368348,115.1093989,102.6417908,109.2612328,100.8511652,100.1931063,616.8116758,201.148486,415.6631897,2.2376,332.0582686,185.754048,201.148486,-15.394438
2014-12-31,,,,156.67,155.11,173.98,,,,157.9862587,156.2080113,1541.087334,1919.714638,1780.791948,0.212617372,2.578211928,105.1499412,108.8251007,98.48250282,110.8638758,97.89217479,94.84279782,609.8524925,195.41177,414.4407225,2.291782609,340.0989297,179.3162046,195.41177,-16.09556545
2015-01-31,,,,155.29,157.57,174.02,,,,160.0773903,153.609692,1561.485415,1887.782654,1765.106157,0.184859838,2.513613398,100.7119592,103.8079004,92.39105312,105.8896521,95.00028402,94.95756785,619.5245777,187.164177,432.3604007,2.332538095,346.1470152,178.9772988,187.164177,-8.186878209
2015-02-28,,,,153.31,159.07,175.48,,,,161.5712933,150.4103999,1576.05779,1848.46503,1742.600457,0.156322259,2.435218645,98.45041149,100.4724459,95.17096624,101.592417,95.17969087,90.31417874,625.4221906,182.9612927,442.4608979,2.45964,365.0088486,171.3443915,182.9612927,-11.61690123
2015-03-31,,,,156.02,162.53,182.45,,,,165.5663048,152.6693785,1615.027393,1876.226694,1773.403713,0.147286994,2.416972011,95.60566822,96.81118849,95.13871594,99.51076054,92.61521887,81.96155035,639.0260177,177.6745916,461.3514262,2.5885,384.1315821,166.3560216,177.6745916,-11.31856997
2015-04-30,,,,158.38,165.08,182.19,,,,167.6879908,155.1130235,1635.723517,1906.257811,1800.228689,0.150277737,2.432222325,94.69689517,97.73176378,90.58931101,98.20055191,91.8674194,80.92010078,649.0519597,175.9857181,473.0662416,2.652928571,393.6927369,164.8625689,175.9857181,-11.12314914
2015-05-31,,,,160.94,162.51,182.38,,,,165.5386836,159.3259254,1614.757959,1958.032169,1829.326968,0.187650549,2.535641175,95.0304851,99.52873827,89.87995109,95.71345666,94.48970767,82.55565401,638.9473829,176.6056651,462.3417178,2.650910526,393.3932604,162.4195041,176.6056651,-14.186161
2015-06-30,,,,161.65,160.09,182.78,,,,163.5485219,160.983645,1595.344797,1978.404673,1837.397194,0.208479624,2.583266665,94.54320673,98.59856892,87.68688158,96.69148609,95.89016086,77.10970382,629.4325674,175.7001018,453.7324656,2.706018182,401.5711978,156.7424583,175.7001018,-18.95764349
2015-07-31,,,,159.65,152.27,183.1,,,,156.969261,160.5909025,1531.166964,1973.578074,1814.664164,0.243797789,2.645826025,93.80322138,99.06886024,82.20232625,98.93239069,90.42870704,79.03378952,598.6863454,174.3249052,424.3614402,2.699454545,400.5971588,149.4484752,174.3249052,-24.87642998
2015-08-31,,,,160.93,155.83,183.51,,,,160.0491224,161.2391759,1561.209674,1981.545015,1829.213303,0.229790227,2.623595906,89.56419417,99.16606737,79.94961164,91.86674518,82.29450233,71.15393253,612.6833467,166.4470519,446.2362949,2.850680952,423.0390514,144.8290281,166.4470519,-21.61802373
2015-09-30,,,,165.73,162.26,184.07,,,,165.584388,165.7811078,1615.203786,2037.362979,1883.772576,0.224103057,2.625476251,89.01970146,97.05679659,83.20013452,90.47227511,81.96055841,73.42307845,637.9644474,165.4351608,472.5292866,3.00812,446.4028955,142.9122557,165.4351608,-22.52290512
2015-10-31,,,,168.25,168.77,184.7,,,,171.1981293,167.2152472,1669.963394,2054.987801,1912.416195,0.201328773,2.58548826,90.36950869,92.42203437,88.0201083,91.70451155,87.75636592,86.07189251,663.5600874,167.9436569,495.6164305,2.934857143,435.5307389,152.3566601,167.9436569,-15.58699686
2015-11-30,,,,166.67,171.27,184.98,,,,173.359746,164.3219914,1691.049026,2019.431202,1894.457101,0.173338407,2.516379577,87.70669525,89.13583696,80.52290471,90.46318838,85.12934523,90.04383552,673.3894423,162.9950561,510.3943862,2.876471429,426.8663399,157.7518252,162.9950561,-5.243230925
2015-12-31,,,,168.86,176.93,185.03,,,,178.164642,165.5941989,1737.9187,2035.065966,1919.349769,0.154816632,2.472971739,87.06100573,86.98476703,80.98982101,89.44360642,86.68116764,90.6289376,695.6431017,161.7950998,533.8480019,2.922478261,433.6937215,160.3996247,161.7950998,-1.395475128
2016-01-31,,,,169.66,181.74,184.87,,,,182.2170901,165.2526344,1777.44857,2030.868318,1928.442981,0.131411584,2.403840454,84.86123842,84.18047047,79.3749745,87.55250113,85.29061011,86.94954564,714.5547804,157.7070289,556.8477516,3.012365,447.0328505,159.8439085,157.7070289,2.136879636
2016-02-29,,,,169.38,180.85,187.71,,,,181.8956351,164.9871845,1774.312917,2027.606078,1925.260357,0.131563069,2.403623464,86.04638342,85.90911032,78.83776299,87.27615063,92.15099038,81.59153842,711.0555301,159.9095149,551.1460152,2.945957143,437.1779711,162.646697,159.9095149,2.73718209
2016-03-31,,,,169.02,177.18,192.43,,,,179.5044804,165.3400919,1750.988241,2031.943124,1921.168412,0.146241673,2.448636585,87.42220494,86.10363867,76.66905329,86.45483322,97.34258928,95.53760655,696.6260372,162.4663563,534.1596809,2.896943478,429.9043777,162.0420897,162.4663563,-0.424266634
2016-04-30,,,,170.7,178.47,192.89,,,,180.6679677,167.2013807,1762.337554,2054.817389,1940.264157,0.150742276,2.466095929,89.17734607,87.91461807,77.14410522,88.4067689,101.1691503,93.88694355,701.6979843,165.7281292,535.969855,2.839847619,421.4313923,166.5034919,165.7281292,0.775362689
2016-05-31,,,,172,175.42,193.31,,,,178.1468822,169.842529,1737.745461,2087.275718,1955.040627,0.17878414,2.543484777,90.58383942,90.15529056,72.70320537,91.09448082,99.55578662,104.8443126,689.7061714,168.3419715,521.3641999,2.931857143,435.085541,158.5219701,168.3419715,-9.820001331
2016-06-30,,,,172.79,170.76,193.65,,,,174.2490069,172.2779087,1699.72338,2117.205258,1964.020174,0.212564964,2.620637629,93.83605926,94.28035407,73.90684559,94.1429474,97.92695257,120.3763153,671.3842539,174.3859314,496.9983225,2.922236364,433.6578241,154.8188956,174.3859314,-19.56703586
2016-07-31,,,,174.31,175.52,210.61,,,,180.8685912,172.0080249,1764.29455,2113.888528,1981.297277,0.176447009,2.543563943,92.97317259,95.31251079,76.01543778,90.39615453,94.90251071,121.5613882,690.0993455,172.7823337,517.3170119,2.962877778,439.6889815,156.9517033,172.7823337,-15.83063037
2016-08-31,,,,175.62,183.02,210.64,,,,187.2299769,171.5450581,1826.347104,2108.198909,1996.187412,0.141195062,2.45002082,95.29472433,96.41849686,81.81047883,89.28563753,102.3861208,124.5680385,719.5874101,177.0967301,542.49068,2.9682,440.4787955,163.3648242,177.0967301,-13.73190587
2016-09-30,,,,176.67,182.26,210.07,,,,186.4989376,173.2201783,1819.216134,2128.785259,2008.122254,0.154158505,2.49075764,96.08610043,94.85958928,90.85479263,86.26522717,104.31962,132.9250673,716.5992862,178.5674319,538.0318543,2.965422222,440.0665752,162.8388354,178.5674319,-15.72859646
2016-10-31,,,,178.74,182.35,209.85,,,,186.5416859,176.0017158,1819.633124,2162.968897,2031.65094,0.168993485,2.535719055,95.92635655,93.0239953,93.75854241,86.72195622,101.8468449,137.5102423,716.953143,178.2705622,538.6825808,3.073490476,456.1038282,157.1907751,178.2705622,-21.07978703
2016-11-30,,,,181.29,179.92,209.66,,,,184.4531178,180.1797892,1799.26005,2214.315232,2060.635554,0.201420955,2.618105841,95.79927862,93.44477137,94.50275198,85.95575036,106.1611242,125.2259115,707.3990101,178.0343992,529.3646109,3.273322727,485.7587939,145.6276281,178.0343992,-32.40677104
2016-12-31,,,,186.07,185.79,209.72,,,,189.4375289,184.8880438,1847.880815,2272.177214,2114.967497,0.200616038,2.627669346,95.08635695,90.65098913,96.20197055,86.14706075,110.2594339,114.504197,730.4783353,176.709498,553.7688373,3.495222727,518.6885981,140.8317703,176.709498,-35.87772761
2017-01-31,,,,,,,116.22,117.28,123.98,118.2318279,115.6653935,2106.417053,2443.436251,2307.650533,0.146044296,2.52765464,97.70243056,91.9460037,98.55019651,88.67745945,112.1922396,125.8285612,856.7049916,181.571237,675.1337546,3.741613636,555.252836,154.2909709,181.571237,-27.28026611
2017-02-28,,,,,,,117.85,118.74,124.04,119.4929385,117.3970864,2128.884987,2480.018333,2340.015619,0.150055984,2.545472076,98.11906988,93.93431506,99.22637456,90.00176911,107.9693246,125.5539062,867.3699753,182.345524,685.0244514,3.678985,545.9587903,158.8709607,182.345524,-23.47456323
2017-03-31,,,,,,,118.54,120.56,124.21,121.0785331,117.8401952,2157.133925,2489.379026,2353.716178,0.141157674,2.521458586,96.24032816,95.65376353,100.6262388,87.8655063,101.5909486,111.8841407,880.664681,178.8540503,701.8106307,3.672547826,545.0035182,161.5888066,178.8540503,-17.26524375
2017-04-30,,,,,,,120.73,122.66,124.79,122.962596,120.1145337,2190.700371,2537.424522,2397.200558,0.144637106,2.539984094,95.13627144,97.58556526,100.0443812,86.89985453,97.57779106,101.7402513,896.0047261,176.8022596,719.2024665,3.6604,543.2007894,164.9490839,176.8022596,-11.85317563
2017-05-31,,,,,,,121.2,120.46,124.94,121.0964461,121.228547,2157.453062,2560.958099,2406.532822,0.167670697,2.60584896,97.39986983,99.45910619,104.8306999,88.29320362,101.96249,99.39421694,879.9342027,181.0089549,698.9252478,3.570271429,529.8257727,166.0799168,181.0089549,-14.92903809
2017-06-30,,,,,,,122.02,117.76,125.31,118.8325821,122.8986848,2117.120085,2596.239829,2422.814645,0.197753363,2.680444068,97.96606697,100.685571,109.6562267,92.35989972,97.4725676,86.02688465,860.2112876,182.0611817,678.1501059,3.52534,523.1579802,164.426678,182.0611817,-17.63450371
2017-07-31,,,,,,,123.85,120.41,125.76,121.1700416,124.5887919,2158.76424,2631.943413,2459.150908,0.192415671,2.675025621,100.2324052,101.1921505,113.895557,96.93632027,96.65921196,90.48882387,879.5689635,186.2729688,693.2959947,3.566280952,529.2335888,166.1967385,186.2729688,-20.07623034
2017-08-31,,,,,,,124.37,122.81,126.04,123.2688663,124.6735527,2196.156878,2633.733989,2469.475966,0.177194318,2.641054596,99.33833022,100.347311,116.8934883,92.29967586,99.16145506,88.9218191,897.1004436,184.6114104,712.4890332,3.5188,522.1874488,171.7966308,184.6114104,-12.81477956
2017-09-30,,,,,,,125,124.89,126.66,125.141453,124.9610052,2229.518865,2639.806434,2481.985171,0.165306213,2.613088359,99.88713332,99.15465352,118.3996848,92.11688667,103.8349664,89.04187498,912.2943929,185.6313119,726.6630811,3.474294737,515.582899,176.9442692,185.6313119,-8.687042642
2017-10-31,,,,,,,126.15,126.95,127.23,126.9897779,125.918496,2262.448602,2660.033466,2504.819435,0.158727954,2.599429842,98.91213223,98.43461311,115.3678462,91.7903474,102.676751,88.73016881,927.3422466,183.8193595,743.5228872,3.668872727,544.4581362,170.3238844,183.8193595,-13.49547503
2017-11-30,,,,,,,127.8,125.96,127.37,126.16031,128.2520181,2247.670812,2709.329218,2537.581639,0.181928494,2.664320748,98.93420858,98.4295541,111.3747396,92.14977642,103.8529041,92.74711968,920.1105111,183.8603864,736.2501247,3.886036364,576.6850673,159.551645,183.8603864,-24.30874144
2017-12-31,,,,,,,129.96,129.95,127.59,129.6147293,130.0551818,2309.21471,2747.421126,2580.470343,0.16981649,2.641678732,96.40606602,96.08213693,107.2698327,92.42046016,97.96306014,88.98868267,949.2565967,179.1620593,770.0945374,3.85462381,572.0234663,165.9471425,179.1620593,-13.21491686
2018-01-31,,,,,,,129.67,130.38,127.77,130.0092133,129.5764881,2316.242834,2737.308701,2574.712137,0.163539008,2.624350038,96.8029473,95.6335073,105.998144,95.20198578,98.25150285,87.19708883,952.3976535,179.8996277,772.4980258,3.779122727,560.8191587,169.8225959,179.8996277,-10.07703186
2018-02-28,,,,,,,131.76,134.86,127.75,133.849926,131.183864,2384.668931,2771.264585,2616.210929,0.147769298,2.587256967,97.8753092,96.96319483,108.757192,98.3705892,95.60057001,83.92642442,985.123083,181.8925165,803.2305665,3.78483,561.666114,175.3930063,181.8925165,-6.499510163
2018-03-31,,,,,,,132.9,134.85,128.29,133.9180611,132.6193481,2385.882826,2801.589247,2638.846634,0.157533377,2.618786732,99.04206624,97.18981526,111.2931874,101.7959176,95.35511881,80.91125996,985.0500351,184.0608302,800.9892049,3.887854545,576.9548842,170.7325932,184.0608302,-13.32823706
2018-04-30,,,,,,,136.55,137.28,137.54,137.3169366,136.3385763,2446.437158,2880.158097,2711.320601,0.159966674,2.63721039,98.55799183,95.93906664,109.9883126,103.9685507,94.02173461,76.82090343,1002.800659,183.1612212,819.6394375,4.061345,602.7007458,166.384506,183.1612212,-16.77671517
2018-05-31,,,,,,,141.54,139.27,138.87,139.2131745,142.1814428,2480.220512,3003.588894,2810.401449,0.186225488,2.718807482,98.67277159,95.34097805,111.4192791,105.5307266,92.15273547,76.44583799,1017.337178,183.3745291,833.9626484,4.422081818,656.2338363,155.0266264,183.3745291,-28.34790274
2018-06-30,,,,,,,145.7,143.93,139.27,143.2679824,146.3704414,2552.46093,3092.081664,2893.001916,0.186526228,2.732088628,96.95099172,95.08663138,112.2805641,100.847424,89.33342532,77.36608784,1051.377468,180.1747551,871.2027129,4.63655,688.0607638,152.8029969,180.1747551,-27.37175813
2018-07-31,,,,,,,148.99,147.54,139.19,146.3537668,149.7167381,2607.437233,3162.772321,2958.327765,0.187719256,2.744555115,95.1351791,94.63847506,110.1286617,98.72036301,86.89950739,72.50483788,1077.747736,176.8002296,900.9475063,4.756554545,705.8693541,152.6837409,176.8002296,-24.11648865
2018-08-31,,,,,,,161.53,159.91,141.12,157.2406201,162.7124659,2801.397302,3437.307611,3207.320518,0.198268401,2.803395866,95.96957618,95.77583936,108.4579527,103.4888617,84.43017309,68.60444268,1168.107906,178.350882,989.757024,5.740522222,851.8894663,137.119656,178.350882,-41.23122597
2018-09-30,,,,,,,171.54,176.56,145.84,172.1957982,171.3592142,3067.838605,3619.970529,3406.07789,0.162101966,2.742042858,94.23943041,94.05320035,108.2918586,100.3430994,82.33424365,70.37652904,1289.732549,175.1355607,1114.596988,6.37834,946.5411766,136.257416,175.1355607,-38.87814465
2018-10-31,,,,,,,174.25,180.24,148.35,175.7095835,173.8476324,3130.440168,3672.538466,3459.887329,0.156680911,2.734078043,93.30885216,92.31749672,102.8037264,100.870673,81.32798869,76.50012871,1316.614152,173.4061641,1143.207987,5.869927273,871.0930849,151.1450584,173.4061641,-22.26110578
2018-11-30,,,,,,,171.46,187.43,147.88,181.8113744,168.6064064,3239.149612,3561.81735,3404.48942,0.09477713,2.508755544,92.19553425,92.88897923,99.99313476,99.63373081,76.59059714,79.86080882,1369.135544,171.3371623,1197.798382,5.383172727,798.8590522,171.3863716,171.3371623,0.049209305
2018-12-31,,,,,,,168.9,182.45,147.57,177.4948126,166.5306429,3162.245791,3517.96676,3353.658363,0.106069531,2.551109467,92.24960346,92.89387086,97.84823706,101.0960414,76.83532726,78.31028829,1332.757723,171.4376451,1161.320078,5.315690476,788.8447336,168.9505762,171.4376451,-2.487068875
2019-01-31,,,,,,,169.79,184.62,147.71,179.376423,167.1472828,3195.768543,3530.993303,3371.330098,0.099433977,2.525336089,93.31506032,92.26988564,100.9469787,101.7699716,80.25798759,79.34321851,1348.609103,173.4177015,1175.191401,5.379072727,798.2506151,168.9455764,173.4177015,-4.472125081
2019-02-28,,,,,,,169.53,185.19,148.1,179.9208515,166.6655237,3205.468075,3520.816121,3366.167569,0.093681624,2.498790144,94.00982725,93.09461834,103.7642895,100.7374085,81.78416354,80.30919955,1352.772829,174.7088637,1178.063965,5.27153,782.2913499,172.9244263,174.7088637,-1.784437369
2019-03-31,,,,,,,171.78,185.95,147.79,180.5288431,169.3681809,3216.300049,3577.909867,3410.843302,0.106017717,2.558240214,93.15841497,94.57807371,105.6475341,97.5125532,78.41404559,78.66274264,1358.324464,173.1265901,1185.197874,5.451742857,809.0348114,167.8944398,173.1265901,-5.232150242
2019-04-30,,,,,,,178.56,188.42,165.47,185.1596344,176.7406595,3298.80218,3733.653785,3545.466177,0.12265005,2.638341078,93.61137017,97.75572565,106.1280062,94.63380322,79.11210045,79.2560158,1376.367279,173.9683668,1202.398913,5.746104762,852.7179113,161.4094487,173.9683668,-12.55891817
2019-05-31,,,,,,,179.4,187.7,167.85,184.8800324,177.8893035,3293.820793,3757.918937,3562.145118,0.130286142,2.666609831,94.26766426,100.5353205,106.592841,94.44359878,78.50147759,76.73557604,1371.107835,175.1880308,1195.919805,6.060359091,899.353033,152.4549076,175.1880308,-22.73312317
2019-06-30,,,,,,,181.68,184.64,168.51,182.3485099,181.4957099,3248.719215,3834.104423,3607.416527,0.162272697,2.767441744,95.40499303,101.230479,102.8910844,99.19063243,77.46187859,79.94407335,1348.755198,177.3016547,1171.453544,5.8224,864.040071,156.0986861,177.3016547,-21.20296855
2019-07-31,,,,,,,183.62,186.04,169.12,183.6362795,183.6155122,3271.662104,3878.885334,3645.936937,0.166547925,2.783348378,95.14701488,102.4421377,101.0642112,97.55139614,78.09033426,79.42907588,1358.981895,176.8222253,1182.15967,5.682395455,843.2634948,161.1574441,176.8222253,-15.66478125
2019-08-31,,,,,,,184.31,189.07,187.8,188.8895789,183.0475341,3365.254833,3866.886774,3659.637495,0.137071484,2.700385182,94.08417736,102.2743375,100.2996521,92.62567031,82.58940549,76.2292377,1381.115389,174.8470368,1206.268352,5.634905556,836.2160272,165.1625111,174.8470368,-9.684525672
2019-09-30,,,,,,,187.78,196.25,187.48,195.0041,185.7885113,3474.191078,3924.79003,3728.537404,0.120851396,2.653790177,93.36863477,101.0167156,99.63812689,91.83731564,83.88830545,73.51148673,1433.563733,173.5172648,1260.046468,5.723090476,849.3026075,168.7930451,173.5172648,-4.724219708
2019-10-31,,,,,,,186.99,195.25,187.97,194.2157751,184.9980495,3460.146291,3908.091492,3712.851257,0.120647225,2.651224888,95.24734977,101.5512737,100.8202232,95.97784801,84.10921673,77.77161278,1426.25895,177.0086887,1249.250261,5.794959091,859.9678594,165.8502622,177.0086887,-11.15842654
2019-11-30,,,,,,,186.12,195.05,188.35,194.0981721,183.920634,3458.051078,3885.331045,3695.576641,0.115619295,2.630712532,98.62617561,106.5263202,102.4534845,95.56910968,93.16373719,79.19024539,1424.797993,183.2879347,1241.510058,5.741547619,852.0416345,167.2216398,183.2879347,-16.06629485
2019-12-31,,,,,,,188.6,198.63,188.37,197.1724248,186.2368146,3512.821932,3934.260457,3744.819226,0.112539084,2.624734233,101.0067847,106.647994,103.5429524,97.39705696,101.4986615,82.99769542,1450.949117,187.7120839,1263.237034,5.84815,867.861353,167.1867416,187.7120839,-20.5253423
2020-01-31,,,,,,,191.8,208.02,188.15,205.1971911,188.1067572,3655.791088,3973.763072,3808.358047,0.083493196,2.502388858,102.5151015,103.6103257,103.8447939,100.6874972,108.7325264,87.5402737,1519.541033,190.515156,1329.025877,5.928827273,879.8338036,172.7077349,190.515156,-17.8074211
2020-02-29,,,,,,,192.99,212.33,188.69,208.9716104,188.5843028,3723.036103,3983.851243,3831.986546,0.068062645,2.416332798,99.41898468,100.4631073,102.8515643,99.57640009,97.55334488,91.44864312,1551.024649,184.7612995,1366.26335,6.05537,898.6126554,172.6021373,184.7612995,-12.15916217
2020-03-31,,,,,,,193.89,211.03,198.38,209.2328922,189.6603802,3727.691097,4006.583421,3849.856839,0.072442258,2.445436561,95.17723882,99.42505657,101.524563,98.02389815,85.42483703,73.94424527,1541.528431,176.8783938,1364.650037,6.325804545,938.7449521,164.2116346,176.8783938,-12.66675915
2020-04-30,,,,,,,193.45,207.86,199.26,206.6382508,189.8143564,3681.464993,4009.836176,3841.120251,0.085488389,2.516365038,92.52687559,96.90645775,95.75367239,99.64731046,81.17756292,63.17950547,1518.372268,171.9529306,1346.419337,6.831252381,1013.753056,149.7773308,171.9529306,-22.17559978
2020-05-31,,,,,,,194.9,205.96,199.84,205.0905692,192.0907361,3653.891512,4057.924791,3869.911279,0.104403757,2.606417137,91.13536059,95.41591324,94.42547441,98.01899699,77.76886682,67.84539992,1504.493179,169.3669243,1335.126255,6.964488235,1033.525163,145.5690904,169.3669243,-23.79783383
2020-06-30,,,,,,,196.86,203.22,200.67,202.8577372,195.2065863,3614.1114,4123.747257,3908.828806,0.130380705,2.707259976,93.25584335,94.81641037,98.33259153,97.30962223,86.61365414,74.94060661,1484.478073,173.307652,1311.170421,6.821090909,1012.245101,146.6520383,173.307652,-26.65561368
2020-07-31,,,,,,,200.75,200.79,202.01,200.9633179,200.691194,3580.360445,4239.609823,3986.068185,0.165388385,2.819049729,94.04145171,92.22705105,101.7873638,97.27359343,93.20041478,76.01190358,1466.727449,174.7676349,1291.959814,6.863452381,1018.531513,144.0041305,174.7676349,-30.76350446
2020-08-31,,,,,,,205.33,208.29,202.95,207.531379,204.7231394,3697.376955,4324.784837,4077.008122,0.153889289,2.79754997,95.91594445,92.20301752,102.1004454,99.21767595,98.70182857,81.09397041,1521.513325,178.2512122,1343.262112,7.26525,1078.157998,141.1215543,178.2512122,-37.12965787
2020-09-30,,,,,,,208.78,215.4,203.61,213.7250671,207.4167789,3807.72364,4381.688084,4145.510912,0.138454452,2.758884989,98.01149789,91.47403329,102.3182397,104.3273445,104.5963436,78.96065176,1573.450334,182.145611,1391.304723,7.521322727,1116.159011,140.9700875,182.145611,-41.1755235
2020-10-31,,,,,,,210.96,216.48,204.94,214.8405831,209.8902283,3827.597661,4433.939806,4188.796734,0.144753299,2.782717755,101.376381,91.78344325,104.4799346,112.088344,106.4502482,84.71040496,1581.3395,188.3989456,1392.940555,7.888071429,1170.58426,135.0897628,188.3989456,-53.30918286
2020-11-30,,,,,,,216.05,225.02,207.15,222.4813188,214.2770596,3963.724933,4526.611798,4289.86317,0.131213245,2.750421115,105.5860013,93.31812058,105.3818861,114.8435136,121.9034502,87.52817784,1643.72235,196.2221488,1447.500201,8.017761905,1189.830236,138.1476366,196.2221488,-58.07451224
2020-12-31,,,,,,,216.94,227.68,206.46,224.6654049,214.8103151,4002.636588,4537.876843,4307.534904,0.124256742,2.728548769,108.5968396,94.84511619,109.1856849,116.3865504,131.1993507,87.14082901,1663.153074,201.8175228,1461.335551,7.734969565,1147.864051,144.8911194,201.8175228,-56.92640331
2021-01-31,,,,,,,217.99,230.08,206.82,226.7755946,215.5680495,4040.231707,4553.884014,4328.38358,0.118670699,2.710669243,113.5255332,95.96084763,111.2467226,125.0094082,138.8745384,94.15924106,1680.684554,210.9770594,1469.707494,7.407285,1099.235892,152.8957129,210.9770594,-58.08134646
2021-02-28,,,,,,,217.94,235.44,209.57,231.764808,214.1288749,4129.119482,4523.48139,4327.390786,0.091131568,2.595894959,116.5705107,97.76818938,113.0742158,126.1471906,147.4624816,100.1745406,1719.838193,216.635878,1503.202315,7.085125,1051.427574,163.5717224,216.635878,-53.06415568
2021-03-31,,,,,,,220.98,238.14,209.68,234.0968626,217.3640362,4170.667343,4591.824308,4387.752665,0.095984664,2.624443988,119.2293297,100.7627394,117.4598033,123.9083954,159.3020108,96.19743635,1739.561108,221.5770554,1517.984052,7.641969565,1134.062917,153.3919399,221.5770554,-68.18511554
2021-04-30,,,,,,,225.27,242,210.41,237.5122027,221.8951563,4231.515008,4687.544408,4472.934396,0.101953071,2.658992842,122.0662694,104.3452989,119.105057,126.2007689,162.1913308,99.98682033,1767.757571,226.8492545,1540.908317,8.169719048,1212.380569,145.808801,226.8492545,-81.04045353
2021-05-31,,,,,,,228.92,241.79,211.83,237.5337668,226.5454178,4231.899194,4785.781375,4545.408363,0.121855318,2.743417394,128.1255587,107.3844077,121.1313484,133.6953871,174.8759206,106.7994152,1766.223567,238.1099021,1528.113665,8.357272222,1240.213329,142.4128838,238.1099021,-95.6970183
2021-06-30,,,,,,,236.1,244.6,212.34,240.0170199,235.0201837,4276.140806,4964.811158,4687.973591,0.1469015,2.838011386,125.2776346,110.6865716,119.9135393,130.3146289,157.6805278,107.7319217,1786.750008,232.8172897,1553.932718,8.612154545,1278.037686,139.8041722,232.8172897,-93.01311744
2021-07-31,,,,,,,241.37,253.6,218.64,248.6334475,239.3676642,4429.650993,5056.651865,4792.614086,0.130826489,2.797268145,124.5648584,114.1132984,116.7295797,126.2570999,155.4955275,109.5519267,1852.493058,231.4926588,1621.000399,8.628464706,1280.458103,144.6742423,231.4926588,-86.8184165
2021-08-31,,,,,,,247.5,271.25,218.84,263.8044331,243.0053094,4699.937121,5133.49727,4914.330639,0.088223642,2.637049357,127.9581359,113.4328996,116.1613305,130.3882585,165.8622971,120.5422818,1981.422484,237.7987619,1743.623723,8.490961905,1260.052784,157.2491653,237.7987619,-80.54959662
2021-09-30,,,,,,,252.65,275.83,218.78,267.7252568,248.49416,4769.790476,5249.449467,5016.588428,0.095614579,2.68093259,129.1891923,112.6819129,118.1310914,132.8369698,168.5708639,121.1892697,2014.878392,240.0865702,1774.791822,8.527204545,1265.431166,159.2246537,240.0865702,-80.86191645
2021-10-31,,,,,,,260.82,282.99,219.47,273.9661037,257.1959753,4880.97734,5433.275677,5178.810979,0.10664578,2.742173736,133.2243685,111.9692548,121.4597105,137.1427796,184.8374714,119.0653277,2067.180641,247.5855847,1819.595056,9.1564,1358.80333,152.1324386,247.5855847,-95.45314609
2021-11-30,,,,,,,275.22,305,222.89,293.3351365,270.2261475,5226.055834,5708.538607,5464.735671,0.088290231,2.683481812,135.3148529,112.5096447,125.985689,141.4447493,184.5551788,120.1850319,2227.958923,251.4705631,1976.48836,10.54221364,1564.4571,142.410995,251.4705631,-109.0595681
2021-12-31,,,,,,,316.93,360.21,239.63,343.0799398,309.7211698,6112.308749,6542.872597,6292.924483,0.068420311,2.634037562,133.6911031,111.0298585,128.9629368,140.4949807,178.505442,116.4325022,2631.256012,248.4529692,2382.803042,13.55286087,2011.235035,130.8278727,248.4529692,-117.6250965
2022-01-31,,,,,,,334.3,383.67,252.22,364.9957057,325.8380253,6502.759812,6883.341839,6637.821142,0.057335384,2.580448275,135.5936913,112.1459414,132.632832,140.6476289,185.9314419,112.667515,2802.626229,251.9887593,2550.63747,13.54361429,2009.862849,139.4436556,251.9887593,-112.5451037
2022-02-28,,,,,,,358.08,417.96,265.5,396.300944,347.5435209,7060.493622,7341.871337,7109.994001,0.039574958,2.449289698,141.0962841,113.4558068,141.5295551,145.2747764,201.7176755,110.5311288,3053.10725,262.2148364,2790.892414,13.645665,2025.007103,150.7701996,262.2148364,-111.4446368
2022-03-31,,,,,,,404.82,456.9,284.65,432.4295002,397.2088085,7704.159616,8391.052605,8038.057896,0.085455094,2.836889084,159.6922422,119.2589851,145.8319851,170.1312761,251.8312717,117.9139699,3337.555514,296.7737629,3040.781751,14.59184348,2165.419325,154.1297557,296.7737629,-142.6440073
2022-04-30,,,,,,,425.33,496.65,333.51,473.473702,412.0580852,8435.4027,8704.744193,8445.302023,0.031892464,2.430303262,158.4569922,121.919791,147.0853524,169.4789706,237.5317362,121.7912497,3627.920652,294.4781612,3333.442491,14.71002381,2182.957203,166.1929353,294.4781612,-128.2852259
2022-05-31,,,,,,,453.54,528.92,339.95,502.0741925,440.1604376,8944.948751,9298.407555,9005.436436,0.039249492,2.548338804,157.4,122,141.6,173.4,229.3,120.3,3863.646011,292.5138356,3571.132175,15.65205556,2322.754052,166.3390064,292.5138356,-126.1748292
2022-06-30,,,,,,,496.81,555.05,342.32,524.8287552,489.085988,9350.343811,10331.96184,9864.600423,0.099509153,2.991942528,154.2,124.7,149.8,166.3,211.8,117.3,4054.52,286.5669215,3767.953079,16.99527273,2522.086537,160.7605425,286.5669215,-125.806379
